{"cameraMode":{"drawMode":0,"name":"Shaded","section":"Shading Mode"},"sceneLighting":true,"audioPlay":false,"sceneViewState":{"m_AlwaysRefresh":false,"showFog":true,"showSkybox":true,"showFlares":true,"showImageEffects":true,"showParticleSystems":true,"showVisualEffectGraphs":true,"m_FxEnabled":true},"in2DMode":false,"pivot":{"x":3.7460379600524904,"y":2.3034322261810304,"z":1.0452253818511963},"rotation":{"x":-0.18335430324077607,"y":0.30037301778793337,"z":-0.05895528569817543,"w":-0.9341776967048645},"size":31.90178871154785,"orthographic":false}